{
  "id": "2177890",
  "name": "uni-app",
  "font_family": "iconfont",
  "css_prefix_text": "icon-",
  "description": "",
  "glyphs": [
    {
      "icon_id": "1336382",
      "name": "暂停",
      "font_class": "plus-pause",
      "unicode": "e723",
      "unicode_decimal": 59171
    },
    {
      "icon_id": "1336405",
      "name": "启动",
      "font_class": "plus-start",
      "unicode": "e72c",
      "unicode_decimal": 59180
    },
    {
      "icon_id": "1488903",
      "name": "随机",
      "font_class": "suiji",
      "unicode": "e60a",
      "unicode_decimal": 58890
    },
    {
      "icon_id": "2154283",
      "name": "单曲循环_32",
      "font_class": "danquxunhuan",
      "unicode": "e66d",
      "unicode_decimal": 58989
    },
    {
      "icon_id": "5270852",
      "name": "收 藏-产品详情",
      "font_class": "shoucang",
      "unicode": "e613",
      "unicode_decimal": 58899
    },
    {
      "icon_id": "2019098",
      "name": "向下箭头",
      "font_class": "xiangxiajiantou",
      "unicode": "e7c3",
      "unicode_decimal": 59331
    },
    {
      "icon_id": "1254711",
      "name": "48上一首",
      "font_class": "48shangyishou",
      "unicode": "e610",
      "unicode_decimal": 58896
    },
    {
      "icon_id": "1308051",
      "name": "048操作_下一首",
      "font_class": "048caozuo_xiayishou",
      "unicode": "e624",
      "unicode_decimal": 58916
    },
    {
      "icon_id": "7843972",
      "name": "收藏",
      "font_class": "lujing",
      "unicode": "e621",
      "unicode_decimal": 58913
    },
    {
      "icon_id": "16648578",
      "name": "循环",
      "font_class": "xunhuan",
      "unicode": "e61f",
      "unicode_decimal": 58911
    }
  ]
}
